{
    "liteindex": {
        "insertion": [
            0.0005236078500747681,
            0.00043409762382507324,
            0.0004053801774978638,
            0.00038956937789916995,
            0.00039552361965179445
        ],
        "pop": [],
        "batch_size": [
            1,
            4,
            16,
            64,
            256
        ]
    },
    "diskcache": {
        "insertion": [
            0.0007401149272918701,
            0.0006108524084091186,
            0.000646762228012085,
            0.0006194182157516479,
            0.0006119552850723267
        ],
        "pop": [],
        "batch_size": [
            1,
            4,
            16,
            64,
            256
        ]
    },
    "sqlitedict": {
        "insertion": [
            0.0011059705972671508,
            0.001069421410560608,
            0.001041053295135498,
            0.0009968203067779542,
            0.0009426202297210693
        ],
        "pop": [],
        "batch_size": [
            1,
            4,
            16,
            64,
            256
        ]
    }
}