{
    "liteindex": {
        "insertion": [
            0.000554317045211792,
            0.0004761566162109375,
            0.0004374349594116211,
            0.00042510604858398435,
            0.000414830756187439
        ],
        "pop": [],
        "read": [],
        "batch_size": [
            1,
            4,
            16,
            64,
            256
        ]
    },
    "diskcache": {
        "insertion": [
            0.000583049488067627,
            0.0005196183204650879,
            0.0005237700700759887,
            0.0005280043363571167,
            0.0005718716144561767
        ],
        "pop": [],
        "read": [],
        "batch_size": [
            1,
            4,
            16,
            64,
            256
        ]
    },
    "sqlitedict": {
        "insertion": [
            0.0009493037223815918,
            0.0008551536321640015,
            0.0007650985717773438,
            0.0007836669921875,
            0.0007777554035186768
        ],
        "pop": [],
        "read": [],
        "batch_size": [
            1,
            4,
            16,
            64,
            256
        ]
    },
    "lmdb": {
        "insertion": [
            0.0004315385341644287,
            0.00038644886016845703,
            0.00022029573917388916,
            0.00019574122428894043,
            0.00017072536945343019
        ],
        "pop": [],
        "read": [],
        "batch_size": [
            1,
            4,
            16,
            64,
            256
        ]
    }
}